unique_id,ExtraDay
N48B_M_VR,1
P53_M_VR,1
P41A_M_VR,1
P48_M_VR,1
V61_L_VR,0
W04_L_VR,1
Y105A_S_VR,1
V28_S_VR,1
V28_M_VR,1
P46B_M_VR,1
P49_M_VR,1
P46A_M_VR,1
V62_L_VR,0
V40_M_VR,0
P52_M_VR,1
Y105B_M_PO,0
A50C_S_VR,1
W04_M_VR,1
V35_M_VR,1
P50_M_VR,1
P41C_M_VR,1
Z63_M_VR,1
Y72A_S_VR,1
V35_S_VR,1
P41B_M_VR,1
X39_S_VR,1
V30_M_VR,1
X39_M_VR,1
V30_S_VR,1
R35_S_VR,1
N48A_M_VR,1
P19_M_VR,1
X94A_S_VR,1
X99_M_VR,1
V41_M_VR,0
K57B_S_VR,1
X69B_S_VR,1
X99_S_VR,1
X93A_S_VR,1
X69A_S_VR,1
R33_M_VR,1
K57A_S_VR,1
Y56C_S_VR,0
Y56B_S_VR,1
Y56A_S_VR,1
W88_S_VR,0
L05_S_VR,0
M32B_M_VR,0
M32B_S_VR,0
I24A_S_VR,0
B80B_M_VR,0
B43A_S_VR,0
B80B_S_VR,0
L25A_S_VR,0
A65A_S_VR,0
M32A_S_VR,0
Y24A_S_VR,0
X59_S_VR,0
W63B_S_VR,0
L104_S_VR,0
U30_S_VR,0
P29_S_VR,0
M42B_S_VR,0
W22B_S_VR,0
V55_S_VR,0
A13A_S_VR,0
X24B_S_VR,0
X62A_S_VR,0
T51A_S_VR,0
A31A_S_VR,0
B77V_S_PO,0
M08B_S_VR,0
X24A_S_VR,0
X62B_S_VR,0
Y98B_S_VR,0
B44A_S_VR,0
T51C_L_PO,0
T40_S_VR,0
C30_M_VR,0
A55B_S_VR,0
T51B_S_VR,0
W64_S_VR,0
U03A_S_VR,0
X19A_S_VR,0
A62_S_VR,0
Q14A_S_VR,0
L25B_S_VR,0
Y41A_S_VR,0
W22AV_S_PO,0
A31B_S_VR,0
B70A_S_VR,0
C09_S_VR,0
D33_S_VR,0
D67A_S_VR,0
N38V_S_VR,1
T51C_S_VR,0
B44A_L_PO,0
D28_S_VR,0
P44_S_VR,0
B62B_S_VR,0
W65_S_VR,0
N45A_L_VR,0
N45A_S_VR,1
L17_S_VR,0
W95B_S_VR,0
D36A_S_VR,0
I17A_S_VR,0
Q33A_S_VR,0
Y53B_S_VR,0
Q33B_S_VR,0
B74B_M_VR,0
B74B_S_VR,0
B78A_M_VR,0
B78A_S_VR,0
H40A_S_VR,0
W95B_L_VR,0
B88_M_VR,0
V76B_L_VR,0
M64_S_VR,0
N11B_S_VR,0
X64A_S_VR,0
X87B_S_VR,0
D91B_S_VR,0
X08B_L_VR,0
X85_S_VR,0
L72B_S_VR,0
C20B_S_VR,0
V78_L_VR,0
Q33A_L_VR,0
Z61_S_VR,0
H30B_S_VR,0
X08B_S_VR,0
V76B_S_VR,0
N42_S_VR,0
A52A_S_VR,0
N41V_M_VR,1
D54B_M_VR,0
D90A_S_VR,0
V45A_S_VR,0
B76V_S_PO,0
X90B_S_VR,0
T72A_M_VR,0
V86B_S_VR,0
W82_S_VR,0
D55D_S_VR,0
D65E_L_VR,0
L18B_S_VR,0
C22A_S_VR,0
N41V_S_VR,1
D55B_S_VR,0
N14B_S_VR,0
V37_S_VR,0
Y42A_S_VR,0
L86_S_VR,0
K63B_S_VR,0
K63B_L_VR,0
N09A_S_VR,0
N09A_L_VR,0
X88B_S_VR,0
X02B_S_VR,0
P08_S_VR,0
D26B_S_VR,0
Y45B_S_VR,0
D91A_S_VR,0
A04B_S_VR,0
D44A_S_VR,0
A04B_L_VR,0
X06A_S_VR,0
X06A_L_VR,0
H32A_S_VR,0
W70A_S_VR,0
T53A_S_VR,0
A32B_S_VR,0
Y50B_S_VR,0
F10A_S_VR,0
A32B_L_VR,0
L96_M_VR,0
D10_S_VR,0
W21B2_S_VR,0
X66B_L_VR,0
D82A_S_VR,0
D34_S_VR,0
B45B_S_VR,0
L40B_S_VR,0
W70B_S_VR,0
W70B_L_VR,0
X66A_S_VR,0
D38A_S_VR,0
D66A_S_VR,0
K76_S_VR,0
V47A_S_VR,0
R13A_S_VR,0
L108_S_VR,0
R34B_S_VR,0
R08B_S_VR,0
B85V_M_VR,0
N40A_S_VR,1
K75_S_VR,0
L33_S_VR,0
F07C_S_VR,0
M45_S_VR,0
R08C_S_VR,0
A65C_S_VR,0
B46A_S_VR,0
X17_S_VR,0
Y15A_S_VR,0
X68_S_VR,0
X68_L_VR,0
W21AV_S_PO,0
B71A_S_VR,0
B71A_M_VR,0
B61B_S_VR,0
D82B_S_VR,0
R08A_S_VR,0
T54A_S_VR,0
A11B_S_VR,0
D82B_M_VR,0
A33A_S_VR,0
I61A_S_VR,0
L95_S_VR,0
W79A_L_VR,0
Z05_S_VR,0
T54B_S_VR,0
T54B_L_VR,0
A69A_S_VR,0
X14_S_VR,0
D43_S_VR,0
D43_M_VR,0
W21B1_S_VR,0
B46B_S_VR,0
T72B_M_VR,0
P51A_S_VR,0
L18A_S_VR,0
L94B_M_VR,0
T38_S_VR,0
I45V_M_PO,0
K19_S_VR,0
L109_S_VR,0
L94A_S_VR,0
Q02B_S_VR,0
F07B_S_VR,0
D18B_S_VR,0
B83B_M_VR,0
B61A_S_VR,0
K74B_S_VR,0
W22D_L_PO,0
W22CV_S_PO,0
A15A_S_VR,0
L38B_M_VR,0
M41C_S_VR,0
D77B_S_VR,0
Y80B_S_VR,0
R21B_S_VR,0
A26_S_VR,0
X57_S_VR,0
X25V_M_PO,0
A60A_S_VR,0
I12A_S_VR,0
M33_S_VR,0
B69B_S_VR,0
B69B_M_VR,0
X56B_S_VR,0
D68_S_VR,0
D18A_S_VR,0
Y15C_L_VR,0
W58A_S_VR,0
T64A_S_VR,0
R21A_S_VR,0
T50_S_VR,0
W58B_S_VR,0
Y97_M_VR,0
A13B_S_VR,0
M42A_S_VR,0
N37V_M_VR,1
N37V_L_VR,1
Y05A_S_VR,0
W60A_S_VR,0
U01_S_VR,0
F35B_S_VR,0
L102B_S_VR,0
T42B_S_VR,0
D80A_S_VR,0
N45BV_M_PO,0
R32_S_VR,0
B42B_S_VR,0
B42B_L_VR,0
N17V_M_VR,1
Q01B_S_VR,0
W60B_S_VR,0
N17V_S_VR,1
W22C_S_VR,0
X63_S_VR,0
B76B_S_VR,0
A30_S_VR,0
T42A_S_VR,0
Y98A_S_VR,0
Y80A_S_VR,0
V47B_M_VR,0
Y01A_S_VR,0
A73A_S_VR,0
B62V_M_PO,0
R19_S_VR,0
X58_S_VR,0
X25A_L_VR,0
X25A_M_VR,0
W22BV_S_PO,0
W63A_S_VR,0
D03A_S_VR,0
D67B_L_VR,0
D67B_S_VR,0
D80B_S_VR,0
N38A_L_VR,1
A56B_S_VR,0
N38A_S_VR,1
X02C_L_PO,0
I17B_S_VR,0
L119_M_VR,0
X87A_S_VR,0
X100_L_VR,0
X100_S_VR,0
K67A_S_VR,0
Y43A_M_VR,0
Y43A_S_VR,0
D94B_S_VR,0
A57A_S_VR,0
T58C_S_VR,0
N04_S_VR,0
B57_M_VR,0
T60C_S_VR,0
S20A_S_VR,0
X81_L_VR,0
W95A_S_VR,0
I45A_S_VR,0
V74A_S_VR,0
B03B_L_VR,0
J06_M_VR,0
N08A_M_VR,0
A60C_L_PO,0
L19_S_VR,0
Y52_S_VR,0
K71B_S_VR,0
S01B_S_VR,1
X03_S_VR,0
B56B_S_VR,0
V75B_S_VR,0
Z48_S_VR,0
Q11A_L_PO,0
M65B_S_VR,0
Q11A_S_VR,0
B56B_M_VR,0
V89A_S_VR,0
X86_M_VR,0
B53V_L_PO,0
X08D_L_PO,0
V77B_S_VR,0
K70A_S_VR,0
X82A_S_VR,0
D88B_S_VR,0
L81B_S_VR,0
N16AV_S_VR,1
L81A_S_VR,0
A60B_S_VR,0
V46A_S_VR,0
C23B_S_VR,0
D26A_S_VR,0
I45B_S_VR,0
Y26B_L_VR,0
Q06A_M_VR,0
X81_M_VR,0
H30A_S_VR,0
B86B_S_VR,0
N11A_S_VR,0
L116_S_VR,0
Y08A_S_VR,0
C62A_S_VR,0
B57V_L_PO,0
I44A_S_VR,0
A67B_S_VR,0
A67A_S_VR,0
L82_S_VR,0
K66B_S_VR,0
X90A_S_VR,0
T62A_S_VR,0
Q30B_S_VR,0
Q30B_L_VR,0
Y26B_S_VR,0
Y27B_S_VR,0
Y27B_L_VR,0
B75A_S_VR,0
Y41D_S_VR,0
S21B_L_PO,0
A05B_S_VR,0
D53_M_VR,0
H39B_S_VR,0
H32B_S_VR,0
Y08C_S_VR,0
A54B_S_VR,0
Y45A_S_VR,0
T72A_S_VR,0
V87_S_VR,0
V87_L_VR,0
C61B_S_VR,0
D89B_S_VR,0
S21B_S_VR,1
Y26A_S_VR,0
A51B_S_VR,0
X09A_S_VR,0
H21D_S_VR,0
M65A_S_VR,0
S05A_S_VR,0
X04_S_VR,0
A02A_S_VR,0
M65A_L_PO,0
A54B_L_PO,0
Z27A_S_VR,0
X88V_S_PO,0
V44B_M_VR,0
P05C_M_VR,0
A85A_M_VR,0
H33B_S_VR,0
N05_S_VR,0
Y44B_S_VR,0
X08A_S_VR,0
B74A_S_VR,0
B55A_S_VR,0
X02D_S_VR,0
T58D_S_VR,0
N14C_S_VR,0
Z30_S_VR,0
A53_S_VR,0
B54A_S_VR,0
D55A_S_VR,0
S20C_L_PO,0
L68B_S_VR,0
A07_S_VR,0
L114_S_VR,0
Z25_S_VR,0
D52_S_VR,0
K68A_S_VR,0
X09B_S_VR,0
L29_S_VR,0
L29_L_VR,0
N11D_S_VR,0
B58B_M_VR,0
B58B_S_VR,0
Y26C_S_VR,0
S20V_S_PO,0
Q06C_M_VR,0
Y51_S_VR,0
D44B_S_VR,0
V76A_S_VR,0
D90B_S_VR,0
D90B_M_VR,0
A88A_L_PO,0
K71A_S_VR,0
B88V_M_VR,0
N16AV_M_VR,1
N44I_L_VR,1
D92B_S_VR,0
X84_S_VR,0
B82B_S_VR,1
Q31B_L_VR,0
B55V_S_PO,0
A54A_S_VR,0
N44_L_VR,1
V88B_S_VR,0
V77A_S_VR,0
S20B_S_VR,0
D47A_S_VR,0
B55V_M_PO,0
T59_S_VR,0
S22_S_VR,0
S01A_S_VR,1
A52B_S_VR,0
V88A_S_VR,0
X09C_L_VR,0
D95A_S_VR,0
L20B_S_VR,0
D93B_S_VR,0
D95B_S_VR,0
A51A_S_VR,0
B81V_S_PO,1
Q31B_S_VR,1
C62B_S_VR,0
Z44_S_VR,0
T60B_S_VR,0
Y42B_M_VR,0
B56V_M_PO,0
Q30A_S_VR,0
B53_M_VR,0
N06_S_VR,0
Y08B_S_VR,0
S21A_S_VR,1
I61B_S_VR,0
D54A_S_VR,0
A05A_S_VR,0
K68B_S_VR,0
C22C_S_VR,0
H33A_S_VR,0
W98_S_VR,0
B08B_S_VR,0
B56A_S_VR,0
N16A_S_VR,1
T62B_S_VR,0
B54B_S_VR,0
W79A_S_VR,0
B58A_S_VR,0
X80A_S_VR,0
X80A_L_VR,0
S05C_S_VR,0
W79B_S_VR,0
X90B_L_VR,0
D94A_S_VR,0
N08B_M_VR,0
Y58A_S_VR,0
C23A_S_VR,0
B09_S_VR,0
B77A_S_VR,0
Y27A_S_VR,0
I14_M_VR,0
T58B_S_VR,0
D88A_S_VR,0
V86A_S_VR,0
A66B_S_VR,0
D51_M_VR,0
A61A_S_VR,0
D38B_S_VR,0
K67B_S_VR,0
V79_S_VR,0
N15_S_VR,0
D89A_S_VR,0
Y53A_S_VR,0
C20A_S_VR,0
A66B_L_PO,0
H39A_S_VR,0
W77B_S_VR,0
L117_S_VR,0
X89A_S_VR,0
D20A_S_VR,0
D09_S_VR,0
Z45_S_VR,0
H54_M_VR,0
T60A_S_VR,0
H54_S_VR,0
D93A_S_VR,0
P05B_S_VR,0
H40B_S_VR,0
Q31A_S_VR,0
A61B_S_VR,0
D47B_S_VR,0
X83_S_VR,0
B82A_S_VR,1
B52V_L_PO,0
Z47_S_VR,0
T61_S_VR,0
Y04C_L_PO,0
C63_S_VR,0
N10B_S_VR,0
C22B_S_VR,0
L115A_S_VR,0
A67B_L_PO,0
S05B_L_VR,0
A61B_L_PO,0
D92A_S_VR,0
Z27B_S_VR,0
N43_M_VR,0
N09B_S_VR,0
D36B_S_VR,0
A02B_S_VR,0
L21_S_VR,0
T58A_S_VR,0
N11C_S_VR,0
Z26_S_VR,0
Y42B_S_VR,0
L79B_S_VR,0
B85_M_VR,0
X06C_L_VR,0
V75A_S_VR,0
H25_S_VR,0
Y04B_S_VR,0
L72A_S_VR,0
Y58B_S_VR,0
Y58B_L_VR,0
A04A_S_VR,0
Z29_S_VR,0
X06C_S_VR,0
X02A_S_VR,0
H30C_S_VR,0
A57B_S_VR,0
Y58C_S_VR,0
B56V_S_PO,0
X88A_S_VR,0
B55B_S_VR,0
L79A_S_VR,0
N14A_S_VR,0
X08C_S_VR,0
D20B_S_VR,0
N07A_S_VR,0
J07_M_VR,0
A66A_S_VR,0
V45B_M_VR,0
N10A_S_VR,0
B58V_S_PO,0
K66A_S_VR,0
B08A_S_VR,0
V78_M_VR,0
L22_S_VR,0
B49B_M_VR,0
K74A_S_VR,0
L113_S_VR,0
A33C_S_VR,0
Y28_S_VR,0
L92B_M_VR,0
L112_S_VR,0
Y61B_S_VR,0
D65A_S_VR,0
Y25A_S_VR,0
P45_S_VR,0
V08_S_VR,0
N41A_S_VR,1
N41A_M_VR,1
N16B_L_VR,0
N16B_M_VR,1
A50A_S_VR,0
A09C_S_VR,0
B48A_S_VR,0
A50A_L_PO,0
T30_S_VR,0
W76B_L_VR,0
T55_L_VR,0
T55_S_VR,0
H19A_S_VR,0
D87B_S_VR,0
J11_S_VR,0
W76B_S_VR,0
A50E_S_VR,0
U15A_S_VR,0
Y25B_S_VR,0
Q03B_S_VR,0
L87_S_VR,0
Z13B_S_VR,0
L92C_S_VR,0
L92C_M_VR,0
U14_S_VR,0
H01A_S_VR,0
H19A_M_VR,0
X74B_S_VR,0
M50_S_VR,0
W74_S_VR,0
R53A_S_VR,0
D05_S_VR,0
D05_L_PO,0
K73_S_VR,0
W21A_S_VR,0
H55B_M_VR,0
D27_L_VR,0
D27_S_VR,0
C61A_S_VR,0
D65B_M_VR,0
X91_S_VR,0
X76_L_VR,0
X76_S_VR,0
H55A_S_VR,0
R37_M_VR,0
Y04A_S_VR,0
X74B_L_VR,0
A89B_M_VR,0
B86A_S_VR,0
N44V_L_PO,1
H20C_M_VR,1
K20_S_VR,0
X92_S_VR,0
A73B_S_VR,0
L93_S_VR,0
Z20_S_VR,0
B71V_S_PO,0
L110_S_VR,0
B49_M_VR,0
B71V_M_PO,0
B03A_S_VR,0
Z07_S_VR,0
H21B_M_VR,0
Y89B_S_VR,0
A23_S_VR,0
A23_L_VR,0
L08_M_VR,0
B27A_S_VR,0
X36B_L_PO,0
X36B_S_VR,0
R24B_S_VR,0
Y83_S_VR,0
B34_L_VR,0
R26A_S_VR,0
W28A_S_VR,0
T73A_M_VR,0
Y49A_S_VR,0
Y90_S_VR,0
B65A_S_VR,0
W28B_S_VR,0
J35A_S_VR,0
L101B_S_VR,0
W48B_S_VR,0
D71A_S_VR,0
B68A_S_VR,0
Y21B_S_VR,0
N31A_S_VR,0
X36A_S_VR,0
B83A_S_VR,0
W49A_S_VR,0
M35B_S_VR,0
L07_S_VR,0
C01A_S_VR,0
T48A_S_VR,0
U18A_S_VR,0
B24A_S_VR,1
U28D_S_VR,0
M35A_S_VR,0
Y91_S_VR,0
P05A_S_VR,0
X32B_S_VR,0
D70B_S_VR,0
N35_S_VR,0
N30_M_VR,0
Y82B_S_VR,0
D32_S_VR,0
T48B_S_VR,0
D76A_S_VR,0
C41B_S_VR,0
R26B_S_VR,0
R26B_L_VR,0
B68B_S_VR,0
B68B_M_VR,0
X32B_L_VR,0
X97A_S_VR,0
Y82A_S_VR,0
J33_S_VR,0
W49B_S_VR,0
W49B_L_VR,0
B23_S_VR,0
C41A_S_VR,0
U29_S_VR,0
Y29_S_VR,0
X32A_S_VR,0
A70A_S_VR,0
Y81C_S_VR,0
X48V_S_PO,0
X48V_M_PO,0
Y23A_S_VR,0
X28A_S_VR,0
Y40A_S_VR,0
U03B_S_VR,0
N16I_M_VR,1
X78A_S_VR,0
M51B_L_VR,0
L31_S_VR,0
M51B_S_VR,0
T56A_S_VR,0
D83_M_VR,0
D83_L_VR,0
C26A_S_VR,0
R04_S_VR,0
A84A_M_VR,1
I13B_M_VR,0
W75B_S_VR,0
M46_M_VR,0
R47_S_VR,0
L32_S_VR,0
Y61A_S_VR,0
C60A_S_VR,0
A84C_M_VR,0
D18C_S_VR,0
B75B_M_VR,0
B80A_S_VR,0
K63A_S_VR,0
N16D_M_VR,1
P15_S_VR,0
W76A_S_VR,0
X10B_S_VR,0
X10A_S_VR,0
B71B_S_VR,0
D18C_L_VR,0
U16A_S_VR,0
Y62B_S_VR,0
A33B_L_VR,0
Q03A_S_VR,0
A33B_S_VR,0
T22A_S_VR,0
Y59_S_VR,0
A50B_S_VR,0
B48B_S_VR,0
C60C_S_VR,0
D56_S_VR,0
D86_M_VR,0
B52_M_VR,0
A55A_S_VR,0
D85_L_VR,0
L89_S_VR,0
W77A_S_VR,0
W75A_S_VR,0
A09V_S_VR,0
V89B_S_VR,0
L41A_S_VR,0
B72A_S_VR,0
Y41C_S_VR,0
H20A_S_VR,1
A11A_S_VR,0
A89A_M_VR,1
R02B_S_VR,0
A54C_S_VR,0
B75B_S_VR,0
M63_S_VR,0
X13_M_VR,0
D62A_S_VR,0
D61_S_VR,0
D61_M_VR,0
B47A_S_VR,0
B59A_S_VR,0
T23_S_VR,0
A09A_S_VR,0
J10_S_VR,0
Q12_S_VR,0
M46_S_VR,0
B59V_M_PO,0
X75_S_VR,0
B72B_M_VR,0
L41B_S_VR,0
B72B_S_VR,0
Z24_S_VR,0
Q03C_L_PO,0
A84B_M_VR,0
A10_L_PO,0
A10_S_VR,0
B82C_M_VR,1
A86A_M_VR,0
Y63_S_VR,0
D63_M_VR,0
D63_S_VR,0
H18B_M_VR,0
B50A_S_VR,0
D59_S_VR,0
Y63_L_VR,0
A68A_L_PO,0
A68A_S_VR,0
D60_M_VR,0
X11B_S_VR,0
X77A_S_VR,0
A50D_S_VR,0
X74A_S_VR,0
H18A_S_VR,0
F07A_S_VR,0
T57_M_VR,0
M61_M_VR,0
Y62A_S_VR,0
V16_S_VR,0
D38C_S_VR,0
C26B_S_VR,0
B59B_S_VR,0
V46B_M_VR,0
W20A_S_VR,0
B60_M_VR,0
T22B_S_VR,0
Z13A_S_VR,0
L47A_S_VR,0
H41A_S_VR,0
A09B_S_VR,0
T26A_S_VR,0
T26B_S_VR,0
X77B_S_VR,0
B47B_S_VR,0
M60_M_VR,0
M51A_S_VR,0
A65D_S_VR,0
D84V_M_VR,0
H21A_S_VR,0
W02_S_VR,0
X77B_L_VR,0
P09_S_VR,1
R53B_S_VR,1
L88_S_VR,0
L111_S_VR,0
D87A_S_VR,0
X11A_M_VR,0
L68A_S_VR,0
Z23_S_VR,0
C60B_S_VR,0
R03_S_VR,1
B91_M_VR,0
R02A_S_VR,0
T26C_S_VR,0
C12_S_VR,0
C12_L_VR,0
W20B_S_VR,0
W20B_M_VR,0
D62B_M_VR,0
L92A_S_VR,0
D84_M_VR,0
T55V_L_PO,0
D70A_S_VR,0
B40V_S_PO,0
W33A_S_VR,0
Y85B_S_VR,0
T46A_S_VR,0
D74A_S_VR,0
B29A_S_VR,0
B75V_S_PO,0
X42_S_VR,0
X48B_S_VR,0
X48B_M_VR,0
I11_S_VR,0
W47A_S_VR,0
B33A_S_VR,0
C42B_S_VR,0
R25B_S_VR,0
J35B_S_VR,0
V50_S_VR,0
A22_S_VR,0
A22_L_VR,0
Y31B_S_VR,0
N45B_M_VR,0
Y21D_L_PO,0
C46_S_VR,0
B67_M_VR,0
B76A_S_VR,0
Y21DV_L_PO,0
W30B_S_VR,0
L13_S_VR,0
X41A_L_VR,0
X41A_S_VR,0
B65B_M_VR,0
B65B_S_VR,0
W47B_S_VR,0
W47B_L_VR,0
M36B_S_VR,0
I48_S_VR,0
A19_L_VR,0
A19_S_VR,0
L101A_S_VR,0
V52_S_VR,0
Q01A_S_VR,0
U28A_S_VR,1
B33B_S_VR,0
B28_S_VR,0
X48C_M_VR,0
L100_S_VR,0
Y88B_S_VR,0
W30A_S_VR,0
X48C_L_VR,0
A56A_S_VR,0
W33A_L_PO,0
N32A_S_VR,1
C01B_S_VR,0
P38_L_VR,0
N31B_S_VR,0
D74B_S_VR,0
W48A_S_VR,0
M36A_S_VR,0
Y89A_S_VR,0
D03B_S_VR,0
D71B_S_VR,0
M39_S_VR,0
N34B_S_VR,0
Y85A_S_VR,0
F25B_S_VR,0
C42A_S_VR,0
Q01A_L_PO,0
V53_S_VR,0
Y84_S_VR,0
X97B_S_VR,0
B27B_L_VR,0
B27B_S_VR,0
T47V_S_PO,0
A72A_S_VR,0
Y15B_S_VR,0
N17A_L_VR,1
N17A_M_VR,1
M44A_S_VR,0
Y50A_S_VR,0
T71_S_VR,0
N17A_S_VR,1
Z03_S_VR,0
R17_S_VR,0
M08A_S_VR,0
C29B_M_VR,0
C29B_S_VR,0
R34A_S_VR,0
R34A_M_VR,0
W22A_S_VR,0
M44B_S_VR,0
M44B_M_VR,0
L106_S_VR,0
R16A_S_VR,0
B44B_S_VR,0
A11V_S_VR,0
T72V_M_PO,0
B70B_S_VR,0
C10A_S_VR,0
A65B_S_VR,0
L40A_S_VR,0
X64B_S_VR,0
T52_S_VR,0
L98_M_VR,0
L98_S_VR,0
Z04A_S_VR,0
A69B_S_VR,0
A32A_S_VR,0
I13A_S_VR,0
T63_S_VR,0
B86C_M_VR,0
B86C_S_VR,0
Y24B_S_VR,0
Q14B_S_VR,0
B62A_S_VR,0
L23_M_VR,0
L23_S_VR,0
Q02A_S_VR,0
D66C_S_VR,0
W67A_S_VR,0
W21D_L_PO,0
X65A_S_VR,0
W67B_S_VR,0
B45A_S_VR,0
D66B_S_VR,0
R15_M_VR,0
R15_S_VR,0
A73AL_S_PO,0
L107_S_VR,0
H41B_S_VR,0
W21C_S_VR,0
B70V_M_PO,0
T39_S_VR,0
Y41B_S_VR,0
Y01B_S_VR,0
Z04B_S_VR,0
Y28B_S_VR,0
Y24C_S_VR,0
Q14B_L_VR,0
L97_M_VR,0
L97_S_VR,0
U16B_S_VR,0
C29A_S_VR,0
X18A_S_VR,0
Y24C_M_VR,0
R14_S_VR,0
C10B_S_VR,0
I47_S_VR,0
A86B_M_VR,0
M40_M_VR,0
R24A_S_VR,0
F28_S_VR,1
B40A_S_VR,0
M40_S_VR,0
X53A_S_VR,0
X53A_L_VR,0
L14_L_VR,0
N37A_M_VR,1
N37A_L_VR,0
T48C_S_VR,0
N18V_M_VR,0
D76B_S_VR,0
R23_S_VR,0
H42_S_VR,0
B64_M_VR,0
Y93A_M_VR,0
X53B_S_VR,0
W50_S_VR,0
W50_L_VR,0
B40B_S_VR,0
I25_S_VR,0
U17_M_VR,1
W25_S_VR,0
Y92_S_VR,0
R29_S_VR,0
B02A_S_VR,0
L06_S_VR,0
D29_S_VR,0
W53_S_VR,0
R31A_S_VR,0
J32_S_VR,0
T65_S_VR,0
D39_S_VR,0
Y81B_S_VR,0
R22_S_VR,0
T49A_S_VR,0
X27B_L_VR,0
B02A_L_VR,0
X27B_S_VR,0
A25_S_VR,0
A15B_S_VR,0
W24_S_VR,0
Y40B_S_VR,0
B69A_S_VR,0
M41A_S_VR,0
Y93B_M_VR,0
Y43B_S_VR,0
V44A_S_VR,0
P51B_S_VR,0
M34A_M_VR,0
Y49B_S_VR,0
L38A_S_VR,0
M34A_S_VR,0
L102A_S_VR,0
L102A_L_PO,0
T43_S_VR,0
L48_S_VR,0
L66_S_VR,0
R31B_S_VR,0
B41_S_VR,0
B81A_S_VR,1
B81A_M_VR,1
N18A_L_VR,0
X56A_S_VR,0
N18A_M_VR,0
D77A_S_VR,0
B81A_L_VR,0
Y81A_S_VR,0
F35A_S_VR,0
Y23B_S_VR,0
L20A_S_VR,0
X27A_S_VR,0
M41B_S_VR,0
Y21A_S_VR,0
Y23B_M_VR,0
D69_S_VR,0
L65_S_VR,0
M37D_S_VR,0
J52B_S_VR,0
B31A_S_VR,0
H43_S_VR,0
B31B_S_VR,0
T47A_S_VR,0
X98_S_VR,0
L24_M_VR,0
L24_S_VR,0
I10A_S_VR,0
C44A_S_VR,0
R25A_S_VR,0
R25A_L_PO,0
I47V_M_PO,0
I24B_S_VR,0
B66A_S_VR,0
X45B_S_VR,0
B30_S_VR,0
W57_S_VR,0
A63_S_VR,0
N34A_L_VR,1
N34A_M_VR,1
N34A_S_VR,1
N33_S_VR,0
M38A_S_VR,0
M38A_M_VR,0
B31V_S_VR,0
Y86_S_VR,0
W40_S_VR,0
D73_S_VR,0
M37C_M_VR,0
M37C_S_VR,0
W42A_S_VR,0
A21_S_VR,0
A72B_S_VR,0
N45AV_S_PO,1
A72B_L_PO,0
X47A_S_VR,0
W33B_S_VR,0
M37B_S_VR,0
B66B_S_VR,0
B66B_M_VR,0
Y05B_S_VR,0
Y21CV_S_PO,0
R24C_S_VR,0
B32A_S_VR,0
C44B_S_VR,0
Q13_S_VR,0
U28C_M_VR,0
M37A_S_VR,0
Y87_S_VR,0
I08_S_VR,0
X45A_S_VR,0
T64B_S_VR,0
Y44A_S_VR,0
B65V_S_PO,0
W42B_S_VR,0
J52A_S_VR,0
M38B_S_VR,0
M38B_M_VR,0
Y88A_S_VR,0
B29B_S_VR,0
Y31A_S_VR,0
U28B_S_VR,0
W46_S_VR,0
D72_S_VR,0
X47B_M_VR,0
B32B_S_VR,0
I44B_S_VR,0
T47B_S_VR,0
N34AV_S_VR,1
N34AV_M_VR,1
P39_M_VR,0
T46B_L_PO,0
T46B_S_VR,0
V51_S_VR,0
X48A_S_VR,0
Y21C_S_VR,0
C43_S_VR,0
N32B_S_VR,0
X44_S_VR,0
F25A_S_VR,0
X79_S_VR,1
B81B_M_VR,0
N16A_M_VR,1
B82V_L_PO,1
S06_M_VR,0
B82V_M_PO,1
B63V_M_PO,0
N45A_M_VR,0
L05C_S_VR,0
B63_M_VR,0
X87C_S_VR,1
B63_S_VR,0
A70A_L_PO,0
Y62B_L_VR,0
B89_L_PO,0
R24A_L_PO,0
W22DV_L_PO,0
X56A_L_VR,0
X57_L_VR,0
A65E_L_PO,0
T58C_L_VR,0
W70V_S_PO,0
C61V_S_PO,0
A55B_L_PO,0
X59_L_VR,0
A21_L_VR,0
D44B_L_VR,0
A56A_L_PO,0
C46_L_VR,0
W21CM_S_PO,0
B70V_S_PO,0
P41CM_M_VR,1
Y21BM_S_PO,0
W22AM_S_PO,0
B54V_S_PO,0
W21AM_S_PO,0
B86V1_L_PO,0
A73AM_S_PO,0
W21BM_S_PO,0
W22CM_S_PO,0
B72V_M_PO,0
W22BM_S_PO,0
B72V_L_PO,0
P41BM_M_VR,1
P41AM_M_VR,1
B78V_M_PO,0
L120_S_VR,0
N16A_L_VR,0
I15_S_VR,0
B83B_S_VR,0
C23B_L_PO,0
R18B_S_VR,0
D80B_L_PO,0
D87V_S_PO,0
K67V_M_PO,0
V21_S_VR,0
X87B_L_VR,0
A52B_L_PO,0
R31B_L_VR,0
D74B_L_PO,0
B67V_L_PO,0
A86A_L_PO,0
S22V_S_PO,0
D57_S_VR,0
N41A_L_VR,0
R18_S_VR,0
D41_S_VR,0
D65B_L_PO,0
X89A_L_VR,0
D53_L_VR,0
A02B_L_VR,0
M39_M_VR,0
B83V_S_PO,0
W21BV_S_PO,0
C44B_L_PO,0
B29B_L_VR,0
X62B_L_VR,0
W21CV_S_PO,0
X65B_L_VR,0
A51B_L_PO,0
Y42A_M_VR,0
V86B_L_VR,0
B72A_M_VR,0
X56B_L_VR,0
Y26A_L_VR,0
A11B_L_VR,0
L25B_L_VR,0
D33_L_VR,0
W21DV_L_PO,0
M36A_M_VR,0
X97B_L_VR,0
B73V_S_PO,0
L40B_M_VR,0
I13B_L_VR,0
D35_S_VR,0
C32B_S_VR,0
C32A_S_VR,0
H30B_L_VR,0
N44IV_L_PO,1
X32A_L_PO,0
B73A_S_VR,0
B73B_S_VR,0
D38B_L_VR,0
B28_L_VR,0
A53_L_PO,0
D35_L_VR,0
Y21BV_S_PO,0
W82_L_VR,0
T52_L_PO,0
F26B_S_VR,0
F26A_S_VR,0
I48V_M_PO,0
L34A_S_VR,0
W73A_S_VR,0
L34A_L_PO,0
X85_L_VR,0
X08C_L_PO,0
L58_S_VR,0
L58_M_VR,0
L53B_S_VR,0
L53B_L_VR,0
D73_L_PO,0
L53A_S_VR,0
L49_S_VR,0
L43_S_VR,0
L45_M_VR,0
L45_S_VR,0
L90B_M_VR,0
L90A_S_VR,0
D54B_L_VR,0
L118_S_VR,0
T44B_S_VR,0
T39_L_PO,0
G16_S_VR,0
T45_S_VR,0
T44A_S_VR,0
V65A_S_VR,0
V65B_S_VR,0
X88B_L_VR,0
X87C_L_VR,1
W35_L_VR,0
W35_S_VR,0
L78_S_VR,0
D68_L_VR,0
L74B_S_VR,0
T42B_L_VR,0
L74A_S_VR,0
L76B_S_VR,0
F18C_S_VR,0
L77_S_VR,0
L76A_S_VR,0
T30_L_VR,0
F18B_S_VR,0
R02A_L_PO,0
F18A_S_VR,0
K66V_M_PO,0
B86V1_S_PO,0
X89B_L_VR,0
X89B_S_VR,0
X06D_S_VR,0
L19_L_VR,0
A51V_S_PO,0
L07_L_VR,0
Q12_L_VR,0
X67A_M_PO,0
N16IV_M_VR,0
N16AV_L_VR,0
B41V_S_PO,0
B54V_M_PO,0
L33_L_PO,0
I14_L_VR,0
X65B_L_PO,0
T41_S_VR,0
Y04V_L_PO,0
M33_M_VR,0
D32_L_VR,0
K25A_S_VR,1
C35_S_VR,1
W07_S_VR,1
W07_L_VR,1
C35_L_VR,1
C34_S_VR,1
K25C_L_VR,1
K24C_L_VR,1
W71_S_VR,1
Y74V_M_VR,1
K24V_S_VR,1
K25B_M_VR,1
K24V_L_VR,1
Y74_M_VR,1
K24A_S_VR,1
C34_L_VR,1
K24B_M_VR,1
K25V_S_VR,1
K25V_L_VR,1
K08_S_VR,0
J08A_S_VR,0
L91_S_VR,0
L91_M_VR,0
L30A_S_VR,0
C25AV_S_PO,0
X09C_L_PO,0
L103B_S_VR,0
A06B_S_VR,0
F36B_S_VR,0
A06A_S_VR,0
L103A_S_VR,0
F17A_S_VR,0
C24BV_S_PO,0
J12_S_VR,0
F37A_S_VR,0
C28A_S_VR,0
C25B_S_VR,0
C25B_L_PO,0
J02A_S_VR,0
B03B_S_VR,0
C24A_S_VR,0
H50A_S_VR,0
C25BV_S_PO,0
J08B_M_VR,0
J02B_M_VR,0
B02B_L_VR,0
B02B_S_VR,0
H52B_S_VR,0
E18A_S_VR,0
A24_L_VR,0
A24_S_VR,0
L70_S_VR,0
T70A_M_VR,0
H51A_S_VR,0
C25A_S_VR,0
E18B_S_VR,0
F13A_S_VR,0
L70_M_VR,0
C24B_S_VR,0
G13A_S_VR,0
H51B_S_VR,0
D37A_S_VR,0
K16A_S_VR,0
H50B_S_VR,0
H53B_S_VR,0
J04A_S_VR,0
X54_S_VR,0
L59_S_VR,0
L105A_S_VR,0
K16B_S_VR,0
H34A_S_VR,0
T70V_M_VR,0
Y67_L_VR,0
F36A_S_VR,0
H34B_L_VR,0
H34B_S_VR,0
L30B_S_VR,0
C28B_S_VR,0
F37B_S_VR,0
L44A_S_VR,0
F17B_M_VR,0
F17B_S_VR,0
L67_S_VR,0
D37B_S_VR,0
R39_S_VR,0
O100_L_VR,0
F13B_S_VR,0
K72_S_VR,0
H52A_S_VR,0
H53A_S_VR,0
L55_S_VR,0
M34V_M_PO,0
J04B_M_VR,0
L105B_S_VR,0
C24AV_S_PO,0
B64V_L_PO,0
L36B_M_VR,0
L36A_S_VR,0
Y80A_L_VR,0
C25AV_L_PO,0
D81_S_VR,0
D81_M_VR,0
C28BV_S_PO,0
R38_S_VR,0
A20_L_VR,0
A20_S_VR,0
D92V_S_PO,0
K06B_M_VR,0
K01_S_VR,0
G06A_S_VR,0
G07_S_VR,0
W73B_M_VR,0
G06B_S_VR,0
L70_L_VR,0
K06C_M_VR,0
K06A_S_VR,0
K05_S_VR,0
Y65_L_VR,0
V88B_L_VR,0
L30B_L_VR,0
M32V_S_PO,0
B01A_S_VR,0
B01C_S_VR,0
B01B_S_VR,0
L37A_M_VR,0
B01C_L_PO,0
B86V2_L_PO,0
M33V_S_PO,0
Y57_L_VR,0
D36B_L_PO,0
Y47_L_VR,0
S22_L_PO,0
A52A_L_PO,0
H39B_L_VR,0
B01B_L_VR,0
F17B_L_VR,0
Y88A_L_PO,0
V79_L_VR,0
V24_M_VR,0
V24_L_VR,0
Y107_S_VR,1
V25A_S_VR,0
Y107_L_VR,1
Y107_M_VR,1
W66_M_VR,0
V25B_L_VR,0
Y106A_M_VR,1
K22C_L_VR,1
K22V_L_VR,1
K22A_S_VR,1
Y73A_M_VR,1
K33_L_VR,1
K22V_S_VR,1
K33_M_VR,1
K33_S_VR,1
W66_S_VR,0
K22B_M_VR,1
Y70_S_VR,1
Y76_S_VR,1
R41A_M_VR,1
R41A_S_VR,1
R41B_L_VR,1
F23V_M_PO,0
K81V_S_PO,0
I41_S_VR,0
K81_S_VR,0
B92B_S_VR,0
B92B_L_VR,0
I43_S_VR,0
L58_L_VR,0
I40A_S_VR,0
K79B_S_VR,0
K78_M_VR,0
L122B_S_VR,0
Y89A_L_PO,0
F24V_S_PO,0
C60V_S_PO,0
B80V_S_PO,0
L122A_S_VR,0
K79V_S_PO,0
K79V_M_PO,0
H03_S_VR,0
I40B_S_VR,0
B92A_S_VR,0
F24A_S_VR,0
E17_S_VR,0
L121_S_VR,0
Y66_L_VR,0
K79A_S_VR,0
F23_M_VR,0
K80_M_VR,0
F24B_S_VR,0
L35A_L_VR,0
Y46_L_VR,0
B54B_M_VR,0
M32V_M_PO,0
Y48_L_VR,0
L44B_L_VR,0
S20V_L_PO,0
W74_L_VR,0
L122B_L_VR,0
H44B_S_VR,0
H44A_S_VR,0
B72V_S_PO,0
Y61B_L_VR,0
D72V_S_PO,0
A89V_M_PO,0
T70V_L_PO,0
B86V1_M_PO,0
D71V_S_PO,0
B44B_L_VR,0
Y62A_L_VR,0
C42B_L_VR,0
D10_L_VR,0
C24B_L_PO,0
X86_L_VR,0
X86_M_PO,0
L66_L_PO,0
V89B_L_PO,0
Y68_L_VR,0
L122V_M_PO,0
L122V_S_PO,0
K78V_M_PO,0
T55V_S_PO,0
L06_M_VR,0
C25BV_L_PO,0
W30B_L_VR,0
A98B_L_VR,1
A98C_L_VR,1
A98D_L_VR,1
A98E_L_VR,1
A98G_L_VR,1
A98A_L_VR,1
K67V_S_PO,0
A98H_L_PO,0
Y101_M_VR,1
Y102_S_VR,0
Y102_L_VR,0
K55_S_VR,1
N51B_M_VR,1
K55_M_VR,1
W06_S_VR,1
W16D_M_VR,1
W06_L_VR,1
V27_M_VR,1
V27_S_VR,1
N55_S_VR,1
X95A_S_VR,1
R50_S_VR,1
R50_L_VR,1
N58A_M_VR,1
N53_M_VR,1
W16A_M_VR,1
N55_M_VR,1
N54_M_VR,1
S37_M_VR,0
N58A_S_VR,1
N50_S_VR,1
N51A_S_VR,1
R51_S_VR,1
R51_L_VR,1
R51V_S_PO,1
W16A_S_VR,1
W08_S_VR,1
N52A_S_VR,1
K24V_M_VR,1
N52A_M_VR,1
N57_M_VR,1
N57_S_VR,1
R42_L_VR,0
W13_M_VR,1
W13_S_VR,1
N56_S_VR,1
N56_M_VR,1
W12_M_VR,1
W12_S_VR,1
W12_L_VR,1
R50V_S_PO,1
N50_L_VR,0
Y109_S_VR,1
K25V_S_PO,1
K25V_L_PO,1
N58A_L_VR,0
N55_L_VR,0
W03_M_VR,1
W03_S_VR,1
N51B_L_VR,0
N53_L_VR,0
N52A_L_VR,0
W05_M_VR,1
W05_L_VR,1
Y77B_L_VR,0
Y77B_S_VR,0
Y77A_L_VR,1
Y77A_S_VR,1
N57_L_VR,0
R52_L_VR,1
R52_S_VR,1
W16D_S_VR,1
Y69_S_VR,1
Y69_L_VR,1
Y69_M_VR,1
R52V_S_PO,1
W11_M_VR,0
N54_L_VR,0
S42_S_VR,0
S42_L_VR,0
N34D_M_VR,1
P04_S_VR,0
N07B_S_VR,0
N16E_M_VR,1
R34B_M_VR,0
D13V_S_PO,0
B21V_S_PO,0
C53V_S_PO,0
C08V_S_VR,0
C47V_S_VR,0
K17B_S_VR,0
K17A_S_VR,0
Y21CM_S_PO,0
K13_S_VR,0
C56V_S_PO,0
B13V_S_PO,0
B22V_S_PO,0
C16V_S_PO,0
B11V_S_PO,0
M42V_M_PO,0
B14V_S_PO,0
B74V_M_PO,0
X72V_M_PO,0
C55V_S_PO,0
B108V_S_PO,0
X72V_S_PO,0
C55A_S_VR,0
C55A_L_VR,0
B96B_S_VR,0
C47A_S_VR,0
X26B_S_VR,0
B101A_S_VR,0
B06B_L_VR,0
B06B_S_VR,0
B97B_S_VR,0
B15_S_VR,0
X71B_S_VR,0
B22A_S_VR,0
C58AV_S_PO,0
Y26C_L_VR,0
B97A_S_VR,0
X105B_S_VR,0
C56A_S_VR,0
B19A_S_VR,0
B21B_S_VR,0
C16A_S_VR,0
C54V_S_PO,0
X26A_S_VR,0
B06A_S_VR,0
T76B_S_VR,0
X106_M_VR,0
K85B_S_VR,0
T74B_S_VR,0
C03A_S_VR,0
X71A_S_VR,0
X72B_S_VR,0
T66B_S_VR,0
K85A_S_VR,0
Y08C_L_PO,0
B101B_S_VR,0
T74C_S_VR,0
T76A_S_VR,0
C27A_S_VR,0
V48_S_VR,0
Q33A_L_PO,0
Y43C_S_VR,0
B13A_S_VR,0
B96A_S_VR,0
B98A_S_VR,0
C07A_S_VR,0
Y99B_S_VR,0
B100_S_VR,0
B12_S_VR,0
T75B_S_VR,0
Y99A_S_VR,0
B14A_S_VR,0
B22C_S_VR,0
C54A_S_VR,0
T66A_S_VR,0
T75A_S_VR,0
B108B_S_VR,0
C57A_S_VR,0
C06A_S_VR,0
B20A_S_VR,0
Y10A_S_VR,0
B39A_S_VR,0
C57V_S_PO,0
C47B_S_VR,0
B22B_S_VR,0
B94B_S_VR,0
B14B_S_VR,0
B98B_S_VR,0
B95_S_VR,0
C21B_L_VR,0
A05B_L_VR,0
T53B_S_VR,0
C58A_S_VR,0
C08A_S_VR,0
X105A_S_VR,0
X72A_S_VR,0
B13B_S_VR,0
C03B_S_VR,0
C21A_S_VR,0
C21B_S_VR,0
C08B_L_VR,0
C08B_S_VR,0
B108A_S_VR,0
B19B_S_VR,0
C16B_S_VR,0
B20B_S_VR,0
C27V_S_PO,0
C04A_S_VR,0
B101C_L_VR,0
C07B_S_VR,0
R26B_L_PO,0
B94A_S_VR,0
B43B_S_VR,0
R31B_L_PO,0
B99A_S_VR,0
C58BV_S_PO,0
B11A_S_VR,0
B99B_S_VR,0
Y10B_L_VR,0
B101C_S_VR,0
X104_S_VR,0
C05A_S_VR,0
B39B_S_VR,0
Y10B_S_VR,0
B18B_S_VR,0
X64B_L_VR,0
T74A_S_VR,0
B18A_S_VR,0
C58B_S_VR,0
C53A_S_VR,0
B21A_S_VR,0
B11B_S_VR,0
C58B_L_PO,0
D15A_S_VR,0
B102A_S_VR,0
C06A_L_VR,0
C23V_S_PO,0
X71V_M_PO,0
X71V_S_PO,0
C07B_L_VR,0
D31V_S_VR,0
B93B_S_VR,0
B93V_S_PO,0
A17_S_VR,0
D13B_S_VR,0
D11V_S_VR,0
T56V_S_PO,0
B106B_S_VR,0
D13A_S_VR,0
D31A_S_VR,0
A85V_M_PO,0
C11A_S_VR,0
D46_S_VR,0
D31B_L_VR,0
D31B_S_VR,0
B104_S_VR,0
B104_L_VR,0
D45_S_VR,0
B93A_S_VR,0
K11A_S_VR,0
K84A_S_VR,0
E41AV_S_VR,0
X102A_S_VR,0
E41BV_M_VR,0
E41BV_L_VR,0
B102AV_S_PO,0
X105V_S_PO,0
E41C_L_VR,0
B106V_S_PO,0
B106V_L_PO,0
X103_S_VR,0
E41B_M_VR,0
E41B_L_VR,0
X102B_S_VR,0
N34DV_M_VR,1
Y99B_L_VR,0
A18_S_VR,0
R53A_L_PO,0
Y10V_S_PO,0
B107A_S_VR,0
C11B_S_VR,0
D11A_S_VR,0
B18B_L_VR,0
A03A_L_VR,0
A03A_M_VR,0
B105A_S_VR,0
Y10C_S_VR,0
Y10C_L_VR,0
B105B_S_VR,0
B107B_S_VR,0
N16BV_M_VR,1
K10_S_VR,0
A14_M_VR,0
K87A_S_VR,0
E40_S_VR,0
E41A_S_VR,0
B102B_S_VR,0
K84B_S_VR,0
K87B_S_VR,0
E40V_S_VR,0
D11B_S_VR,0
N16D_L_VR,1
B105V_S_PO,0
B106A_S_VR,0
A18_L_VR,0
B104V_S_PO,0
B55B_M_VR,0
C54A_L_VR,0
B16_M_VR,0
Y08A_L_PO,0
K11B_S_VR,0
B75V_M_PO,0
R26A_L_PO,0
B107V_S_PO,0
X83V_S_PO,0
X103V_S_PO,0
K83B_S_VR,0
K83A_S_VR,0
H23B_S_VR,0
B88V_L_PO,0
N16E_L_VR,0
H23A_S_VR,0
A14_L_VR,0
A17_L_VR,0
D11V_S_PO,0
B106B_L_VR,0
X71B_L_VR,0
D31V_S_PO,0
C56V_S_VR,0
L101A_L_VR,0
Y99V_S_PO,0
Q02A_L_PO,0
N39B_L_VR,0
B107B_L_VR,0
B12V_S_PO,0
A84V_M_PO,0
Q02B_L_PO,0
C09_L_PO,0
C28B_L_PO,0
B102BV_S_PO,0
B50A_L_VR,0
C53V_S_VR,0
C54V_S_VR,0
C55V_S_VR,0
R31A_L_PO,0
C56A_L_PO,0
T43_L_VR,0
B94B_L_VR,0
M42B_L_PO,0
X86_L_PO,0
H50B_L_VR,0
B83V_M_PO,0
Y15A_L_PO,0
C26B_L_VR,0
X67A_M_VR,0
A17V_S_PO,0
C03B_L_VR,0
K82_S_VR,0
C16B_L_VR,0
B105B_L_VR,0
V75A_L_VR,0
C58AV_S_VR,0
J15A_S_VR,0
J15CV_S_PO,0
J14V_S_PO,0
J15C_S_VR,0
J13A_S_VR,0
J14A_S_VR,0
I24B_L_VR,0
J13V_S_PO,0
J14B_S_VR,0
J14B_L_VR,0
J15B_S_VR,0
X102V_S_PO,0
C07V_S_PO,0
D38C_L_VR,0
D73V_S_PO,0
C58BV_S_VR,0
Y92B_L_PO,0
V75B_L_VR,0
B19B_L_VR,0
Y05B_L_PO,0
A57A_L_PO,0
X45B_L_VR,0
B69V_M_PO,0
X72B_L_VR,0
D96A_S_VR,0
D96B_L_VR,0
D96B_S_VR,0
D97AV_S_PO,0
D96BV_S_PO,0
D98AV_S_VR,0
D97B_S_VR,0
D97B_L_VR,0
D97BV_S_PO,0
D98A_S_VR,0
D96AV_S_PO,0
D98B_L_VR,0
D98B_S_VR,0
D98BV_S_VR,0
D98BV_L_VR,0
D97A_S_VR,0
D15V_S_PO,0
W88B_S_VR,0
W88A_S_VR,0
Y90B_L_PO,0
B59V_S_PO,0
T56A_L_VR,0
D96BV_L_PO,0
D71B_L_PO,0
D96BV_M_PO,0
B76V_M_PO,0
D89B_L_VR,0
L100_L_VR,0
A62_L_PO,0
C58B_L_VR,0
C56A_L_VR,0
D77B_L_PO,0
A09B_L_PO,0
D89B_L_PO,0
Y05V_S_PO,0
D89A_L_PO,0
V21_L_VR,0
B46B_L_VR,0
T57_L_PO,0
D27B_L_VR,0
D27B_S_VR,0
D38A_L_VR,0
X58_L_VR,0
C30_L_VR,0
C28BV_L_PO,0
C28AV_S_PO,0
C32B_L_VR,0
X24B_L_PO,0
C24BV_L_PO,0
L55_L_VR,0
O101A_L_VR,0
X08D_L_VR,0
S38_L_VR,0
Q76_L_VR,0
B61V_S_PO,0
B01C_L_VR,0
X06B_L_PO,0
L89_L_PO,0
B82V_S_PO,0
A70B_S_VR,0
B30_L_VR,0
M35B_M_VR,0
X14_M_VR,0
D41_L_VR,0
B76B_M_VR,0
O101B_S_VR,0
O101A_S_VR,0
O101B_L_VR,0
L05_L_VR,0
A31V_S_PO,0
C62B_L_VR,0
B01B_L_PO,0
Y81A_L_VR,0
X26A_L_VR,0
K48_S_VR,0
K48_L_VR,0
Y110_S_VR,1
K48_M_VR,0
S29B_S_VR,0
S29A_S_VR,0
Y43B_M_VR,0
X75V_S_PO,0
O101_L_VR,0
B90_M_VR,0
A69B_L_PO,0
D39_L_PO,0
W87B_L_VR,0
W87B_S_VR,0
W87A_S_VR,0
D15A_L_VR,0
N38V_L_VR,0
R16A_L_VR,0
N41V_L_VR,0
B33B_L_VR,0
D83_L_PO,0
C01B_L_VR,0
R13A_L_VR,0
A33V_S_PO,0
M32V_L_PO,0
A72V_S_VR,0
A72V_S_PO,0
N17B_M_VR,1
R16B_S_VR,0
B80V_L_PO,0
W55BV_S_PO,1
W55BV_M_PO,1
W55AV_S_PO,0
W55AV_M_PO,0
W51A_M_VR,0
W55A_S_VR,1
W55A_M_VR,1
W55B_M_VR,1
W55B_S_VR,1
W51V_M_PO,0
N51A_M_VR,1
W05_S_VR,1
S44_M_VR,0
S44_S_VR,0
W08_L_VR,0
R55_M_VR,0
R55_S_VR,0
R55_L_VR,0
N16DV_M_VR,1
Y40V_S_PO,0
T80V_S_PO,0
C32V_S_PO,0
B07V_S_PO,0
W101AV_M_PO,0
W100AV_S_PO,0
W100BV_S_PO,0
W101BV_M_PO,0
T78AV_S_PO,0
W56AV_S_PO,0
Y09V_M_PO,0
T82IV_S_VR,1
T82BV_S_VR,0
X38V_S_PO,0
S43V_S_VR,0
T82AV_S_VR,0
S46_M_VR,0
S46V_M_PO,0
N32C_S_VR,0
T83_M_VR,0
T77A_S_VR,0
T82B_S_VR,0
S45_M_VR,0
Y09_M_VR,0
T83_L_VR,0
W56BV_M_PO,0
X38A_S_VR,0
T82A_S_VR,0
T84_M_VR,0
S45V_M_PO,0
X38B_S_VR,0
T77B_S_VR,0
S43A_S_VR,0
S43B_L_PO,0
S43B_S_VR,0
W100B_S_VR,0
B07A_S_VR,0
W56A_S_VR,0
H20C_S_VR,0
T85A_S_VR,0
W101B_M_VR,0
B07B_S_VR,0
T81B_S_VR,0
T78A_S_VR,0
W100A_S_VR,0
T81B_L_VR,0
T85B_S_VR,0
U41_M_VR,1
U41V_M_PO,1
W101A_M_VR,0
T82I_S_VR,1
T46V_S_PO,0
T80A_S_VR,0
T80B_S_VR,0
T80AL_S_PO,0
T81A_S_VR,0
X52B_S_VR,0
N16IV_L_VR,0
T78B_S_VR,0
K04A_S_VR,0
X52A_S_VR,0
X52A_L_PO,0
T78BV_S_PO,0
Y111A_S_VR,0
Y111B_S_VR,0
T79B_S_VR,0
Y112B_S_VR,0
T80BL_S_PO,0
Y112A_S_VR,0
W56B_M_VR,0
T79A_S_VR,0
D37B_L_VR,0
B69V_S_PO,0
T77AV_S_PO,0
C64B_S_VR,0
C64A_S_VR,0
D18B_L_VR,0
C64B_L_VR,0
W100B_L_PO,0
K02C_S_VR,0
T78A_L_VR,0
K02D_S_VR,0
C30V_M_PO,0
K02B_S_VR,0
K02A_S_VR,0
W56AL_S_PO,0
X64Z_L_PO,0
Y112B_L_VR,0
W56B_L_PO,0
Y111B_L_VR,0
X52B_L_VR,0
C25B_L_VR,0
W56BL_M_PO,0
L86_L_VR,0
T80B_L_VR,0
K09B_S_VR,0
C28B_L_VR,0
K09B_L_VR,0
K09A_S_VR,0
A32A_L_VR,0
H58B_S_VR,0
H58A_S_VR,0
H59A_S_VR,0
H57B_S_VR,0
H61A_S_VR,0
H61B_S_VR,0
H62B_S_VR,0
H62A_S_VR,0
H56A_S_VR,0
H59B_S_VR,0
H56B_S_VR,0
H57A_S_VR,0
S47_M_VR,0
B07V_M_PO,0
T80BL_L_PO,0
T80BL_M_PO,0
A33C_L_VR,0
H58B_L_VR,0
B94V_S_PO,0
H63A_S_VR,0
H63B_S_VR,0
X62V_S_PO,0
D88AV_S_PO,0
W75B_L_VR,0
R21B_L_VR,0
K11B_L_VR,0
T77BV_S_PO,0
A73B_L_PO,0
O102_L_VR,0
O102_S_VR,0
X26V_S_PO,0
A73BM_S_PO,0
X82V_S_PO,0
X78B_S_VR,0
L47A_L_PO,0
S43V_L_PO,0
T49B_S_VR,0
B73V_M_PO,0
Y91B_L_PO,0
R56C_M_VR,1
R56B_M_VR,1
R56A_M_VR,1
W11_S_VR,0
Y101_L_VR,1
J15AL_S_PO,0
F38A_S_VR,0
F38B_L_VR,0
F38B_S_VR,0
H52B_L_VR,0
A13B_L_VR,0
B68V_S_PO,0
W103_S_VR,0
W102_S_VR,0
R56D_M_VR,1
R13B_S_VR,0
C54B_S_VR,0
C54B_L_VR,0
O05A_S_VR,0
O05B_S_VR,0
O05C_S_VR,0
O05H_S_VR,0
O05J_S_VR,0
O05K_S_VR,0
O05N_S_VR,0
O05S_S_VR,0
O05T_S_VR,0
O05V_S_VR,0
O53_S_PO,0
O05W_S_VR,0
O10H_S_VR,0
O10O_S_VR,0
O10P_S_VR,0
O10Q_S_VR,0
O10R_S_VR,0
O10S_S_VR,0
O10T_S_VR,0
O10U_S_VR,0
O15A_S_VR,1
O15B_S_VR,0
O15C_S_VR,0
O15U_S_VR,0
O15V_S_VR,0
O50_S_PO,1
O10A_S_VR,1
O05U_S_VR,0
O10C_S_VR,0
O54_S_PO,0
O54V_L_VR,0
O56_L_VR,1
O66_M_VR,0
O70_L_VR,0
O72_S_VR,0
O10B_S_VR,0
O10N_S_VR,0
R19A_S_VR,0
W102A_S_VR,0
W103A_S_VR,0
H30V_S_VR,0
R04A_S_VR,0
L67A_S_VR,0
Y55_L_VR,0
O101_L_PO,0
C54BV_S_PO,0
T82IL_S_PO,0
K88_L_VR,0
K88_S_VR,0
R35A_S_VR,0
I44V_S_PO,0
A63_L_PO,0
W08_M_VR,0
O69_L_PO,0
O24_L_VR,0
A28_S_VR,0
A28V_S_PO,0
A08A_S_VR,0
A08AV_S_PO,0
A08BV_S_PO,0
A08B_S_VR,0
B40B_L_VR,0
O92_L_PO,0
O90_L_PO,0
V56B_M_VR,0
V56A_S_VR,0
V57_S_VR,0
V58_S_VR,0
B90V_M_PO,0
R57A_M_VR,1
R57C_M_VR,0
R57B_M_VR,0
R57D_S_VR,0
R57D_M_VR,0
T47B_L_VR,0
O27_L_PO,0
V56B_L_VR,0
N45AV_M_PO,0
D88BV_S_PO,0
O22_S_VR,0
A06A_L_PO,0
B86V2_M_PO,0
N16I_L_VR,0
W51B_L_VR,0
Y76A_S_VR,1
C25A_M_VR,0
D82V_S_PO,0
L115A_M_VR,0
J15CL_S_PO,0
L67A_L_VR,0
B95_L_VR,0
L67B_S_VR,0
L103B_L_VR,0
L13_L_VR,0
F39V_M_VR,0
F39_M_VR,0
C65A_S_VR,0
C65B_S_VR,0
D76A_L_PO,0
O99_L_PO,0
L41B_M_VR,0
C24B_L_VR,0
L105A_L_PO,0
Y27V_S_PO,0
L103B_L_PO,0
C57A_L_VR,0
O57_S_VR,1
D20B_L_PO,0
L104_L_PO,0
X02V_S_PO,0
D101_M_VR,1
D100V_M_VR,1
D100A_M_VR,1
B71B_L_VR,0
W20A_M_VR,0
C42A_L_VR,0
Y76B_S_VR,1
S48_M_VR,0
N56_L_VR,0
W104_L_VR,0
W104_M_VR,0
W104V_M_PO,0
W103B_S_VR,0
W103AV_S_PO,0
W102B_S_VR,0
W102AV_S_PO,0
